<?xml version="1.0" standalone="no" ?> 
<manifest identifier="com.scorm.golfsamples.contentpackaging.singlesco.20043rd" version="1" 
          xmlns="http://www.imsglobal.org/xsd/imscp_v1p1" 
          xmlns:xsi="http://www.w3.org/2001/XMLSchema-instance" 
          xmlns:adlcp="http://www.adlnet.org/xsd/adlcp_v1p3" 
          xmlns:adlseq="http://www.adlnet.org/xsd/adlseq_v1p3" 
          xmlns:adlnav="http://www.adlnet.org/xsd/adlnav_v1p3" 
          xmlns:imsss="http://www.imsglobal.org/xsd/imsss" 
          xsi:schemaLocation="http://www.imsglobal.org/xsd/imscp_v1p1 imscp_v1p1.xsd 
                              http://www.adlnet.org/xsd/adlcp_v1p3 adlcp_v1p3.xsd 
                              http://www.adlnet.org/xsd/adlseq_v1p3 adlseq_v1p3.xsd 
                              http://www.adlnet.org/xsd/adlnav_v1p3 adlnav_v1p3.xsd 
                              http://www.imsglobal.org/xsd/imsss imsss_v1p0.xsd"> 
  <metadata> 
    <schema>ADL SCORM</schema> 
    <schemaversion>2004 3rd Edition</schemaversion> 
  </metadata> 
  <organizations default="golf_sample_default_org"> 
    <organization identifier="golf_sample_default_org"> 
      <title>Scrom 2004 version</title> 
      <item identifier="item_1" identifierref="resource_1"> 
        <title>Scrom 2004 version</title> 
      </item> 
    </organization> 
  </organizations> 
  <resources> 
    <resource identifier="resource_1" type="webcontent" adlcp:scormtype="sco" href="./YourHTML/index.html"> 
<file href="./YourHTML/Assets/vatsal.png" /> 
   </resource>  
  </resources> 
 </manifest> 
